Date,Open,High,Low,Close,Adj Close,Volume
1/2/2020,74.059997559,75.150001526,73.797500610,75.087501526,73.152656555,135480400
1/3/2020,74.287498474,75.144996643,74.125000000,74.357498169,72.441452026,146322800
1/6/2020,73.447502136,74.989997864,73.187500000,74.949996948,73.018699646,118387200
1/7/2020,74.959999084,75.224998474,74.370002747,74.597503662,72.675270081,108872000
1/8/2020,74.290000916,76.110000610,74.290000916,75.797500610,73.844360352,132079200
1/9/2020,76.809997559,77.607498169,76.550003052,77.407501221,75.412857056,170108400
1/10/2020,77.650001526,78.167503357,77.062500000,77.582496643,75.583351135,140644800
1/13/2020,77.910003662,79.267501831,77.787498474,79.239997864,77.198158264,121532000
1/14/2020,79.175003052,79.392501831,78.042503357,78.169998169,76.155715942,161954400
1/15/2020,77.962501526,78.875000000,77.387496948,77.834999084,75.829345703,121923600
1/16/2020,78.397499084,78.925003052,78.022499084,78.809997559,76.779220581,108829200
1/17/2020,79.067497253,79.684997559,78.750000000,79.682502747,77.629249573,137816400
1/21/2020,79.297500610,79.754997253,79.000000000,79.142501831,77.103164673,110843200
1/22/2020,79.644996643,79.997497559,79.327499390,79.425003052,77.378379822,101832400
1/23/2020,79.480003357,79.889999390,78.912498474,79.807502747,77.751022339,104472000
1/24/2020,80.062500000,80.832496643,79.379997253,79.577499390,77.526947021,146537600
1/27/2020,77.514999390,77.942497253,76.220001221,77.237503052,75.247245789,161940000
1/28/2020,78.150001526,79.599998474,78.047500610,79.422500610,77.375946045,162234000
1/29/2020,81.112503052,81.962501526,80.345001221,81.084999084,78.995597839,216229200
1/30/2020,80.135002136,81.022499084,79.687500000,80.967498779,78.881141663,126743200
1/31/2020,80.232498169,80.669998169,77.072502136,77.377502441,75.383636475,199588400
2/3/2020,76.074996948,78.372497559,75.555000305,77.165000916,75.176612854,173788400
2/4/2020,78.827499390,79.910003662,78.407501221,79.712501526,77.658470154,136616400
2/5/2020,80.879997253,81.190002441,79.737503052,80.362503052,78.291732788,118826800
2/6/2020,80.642501831,81.305000305,80.065002441,81.302497864,79.207496643,105425600
2/7/2020,80.592498779,80.849998474,79.500000000,80.007499695,78.130859375,117684000
2/10/2020,78.544998169,80.387496948,78.462501526,80.387496948,78.501930237,109348800
2/11/2020,80.900001526,80.974998474,79.677497864,79.902496338,78.028320313,94323200
2/12/2020,80.367500305,81.805000305,80.367500305,81.800003052,79.881324768,113730400
2/13/2020,81.047500610,81.555000305,80.837501526,81.217498779,79.312469482,94747600
2/14/2020,81.184997559,81.495002747,80.712501526,81.237503052,79.332015991,80113600
2/18/2020,78.839996338,79.937500000,78.652496338,79.750000000,77.879409790,152531200
2/19/2020,80.000000000,81.142501831,80.000000000,80.904998779,79.007316589,93984000
2/20/2020,80.657501221,81.162498474,79.552497864,80.074996948,78.196769714,100566000
2/21/2020,79.654998779,80.112503052,77.625000000,78.262496948,76.426773071,129554000
2/24/2020,74.315002441,76.044998169,72.307502747,74.544998169,72.796493530,222195200
2/25/2020,75.237503052,75.632499695,71.532501221,72.019996643,70.330711365,230673600
2/26/2020,71.632499695,74.470001221,71.625000000,73.162498474,71.446403503,198054800
2/27/2020,70.275001526,71.500000000,68.239997864,68.379997253,66.776084900,320605600
2/28/2020,64.315002441,69.602500916,64.092498779,68.339996338,66.737014771,426510000
3/2/2020,70.569999695,75.360000610,69.430000305,74.702499390,72.950294495,341397200
3/3/2020,75.917503357,76.000000000,71.449996948,72.330001831,70.633445740,319475600
3/4/2020,74.110000610,75.849998474,73.282501221,75.684997559,73.909744263,219178400
3/5/2020,73.879997253,74.887496948,72.852500916,73.230003357,71.512313843,187572800
3/6/2020,70.500000000,72.705001831,70.307502747,72.257499695,70.562660217,226176800
3/9/2020,65.937500000,69.522499084,65.750000000,66.542503357,64.981681824,286744800
3/10/2020,69.285003662,71.610000610,67.342498779,71.334999084,69.661773682,285290000
3/11/2020,69.347503662,70.305000305,67.964996338,68.857498169,67.242385864,255598800
3/12/2020,63.985000610,67.500000000,62.000000000,62.057498932,60.601890564,418474000
3/13/2020,66.222503662,69.980003357,63.237499237,69.492500305,67.862495422,370732000
3/16/2020,60.487499237,64.769996643,60.000000000,60.552501678,59.132194519,322423600
3/17/2020,61.877498627,64.402496338,59.599998474,63.215000153,61.732242584,324056000
3/18/2020,59.942501068,62.500000000,59.279998779,61.667499542,60.221031189,300233600
3/19/2020,61.847499847,63.209999084,60.652500153,61.194999695,59.759624481,271857200
3/20/2020,61.794998169,62.957500458,57.000000000,57.310001373,55.965755463,401693200
3/23/2020,57.020000458,57.125000000,53.152500153,56.092498779,54.776809692,336752800
3/24/2020,59.090000153,61.922500610,58.575000763,61.720001221,60.272304535,287531200
3/25/2020,62.687500000,64.562500000,61.075000763,61.380001068,59.940284729,303602000
3/26/2020,61.630001068,64.669998169,61.590000153,64.610000610,63.094516754,252087200
3/27/2020,63.187500000,63.967498779,61.762500763,61.935001373,60.482257843,204216800
3/30/2020,62.685001373,63.880001068,62.349998474,63.702499390,62.208305359,167976400
3/31/2020,63.900001526,65.622497559,63.000000000,63.572498322,62.081352234,197002000
4/1/2020,61.625000000,62.180000305,59.782501221,60.227500916,58.814807892,176218400
4/2/2020,60.084999084,61.287498474,59.224998474,61.232498169,59.796241760,165934000
4/3/2020,60.700000763,61.424999237,59.742500305,60.352500916,58.936885834,129880000
4/6/2020,62.724998474,65.777496338,62.345001221,65.617500305,64.078384399,201820400
4/7/2020,67.699996948,67.925003052,64.750000000,64.857498169,63.336208344,202887200
4/8/2020,65.684997559,66.842498779,65.307502747,66.517501831,64.957275391,168895200
4/9/2020,67.175003052,67.517501831,66.175003052,66.997497559,65.426010132,161834800
4/13/2020,67.077499390,68.425003052,66.457496643,68.312500000,66.710182190,131022800
4/14/2020,70.000000000,72.062500000,69.512496948,71.762496948,70.079238892,194994800
4/15/2020,70.599998474,71.582496643,70.157501221,71.107498169,69.439605713,131154400
4/16/2020,71.845001221,72.050003052,70.587501526,71.672500610,69.991355896,157125200
4/17/2020,71.172500610,71.737503052,69.214996338,70.699996948,69.041679382,215250000
4/20/2020,69.487503052,70.419998169,69.212501526,69.232498169,67.608604431,130015200
4/21/2020,69.069999695,69.312500000,66.357498169,67.092498779,65.518783569,180991600
4/22/2020,68.402496338,69.474998474,68.050003052,69.025001526,67.405960083,116862400
4/23/2020,68.967498779,70.437500000,68.717498779,68.757499695,67.144729614,124814400
4/24/2020,69.300003052,70.752502441,69.250000000,70.742500305,69.083175659,126161200
4/27/2020,70.449996948,71.135002136,69.987503052,70.792503357,69.132011414,117087600
4/28/2020,71.269996643,71.457496643,69.550003052,69.644996643,68.011413574,112004800
4/29/2020,71.182502747,72.417503357,70.972503662,71.932502747,70.245277405,137280800
4/30/2020,72.489997864,73.632499695,72.087501526,73.449996948,71.727157593,183064000
5/1/2020,71.562500000,74.750000000,71.462501526,72.267501831,70.572410583,240616800
5/4/2020,72.292503357,73.422500610,71.580001831,73.290000916,71.570915222,133568000
5/5/2020,73.764999390,75.250000000,73.614997864,74.389999390,72.645118713,147751200
5/6/2020,75.114997864,75.809997559,74.717498779,75.157501221,73.394638062,142333600
5/7/2020,75.805000305,76.292503357,75.492500305,75.934997559,74.153877258,115215200
5/8/2020,76.410003662,77.587501526,76.072502136,77.532501221,75.918869019,133838400
5/11/2020,77.025001526,79.262496948,76.809997559,78.752502441,77.113479614,145946400
5/12/2020,79.457496643,79.922500610,77.727500916,77.852500916,76.232208252,162301200
5/13/2020,78.037498474,78.987503052,75.802497864,76.912498474,75.311775208,200622400
5/14/2020,76.127502441,77.447502136,75.382499695,77.385002136,75.774436951,158929200
5/15/2020,75.087501526,76.974998474,75.052497864,76.927497864,75.326446533,166348400
5/18/2020,78.292503357,79.125000000,77.580001831,78.739997864,77.101226807,135178400
5/19/2020,78.757499695,79.629997253,78.252502441,78.285003662,76.655700684,101729600
5/20/2020,79.169998169,79.879997253,79.129997253,79.807502747,78.146507263,111504800
5/21/2020,79.665000916,80.222503662,78.967498779,79.212501526,77.563896179,102688800
5/22/2020,78.942497253,79.807502747,78.837501526,79.722503662,78.063301086,81803200
5/26/2020,80.875000000,81.059997559,79.125000000,79.182502747,77.534545898,125522000
5/27/2020,79.035003662,79.677497864,78.272499084,79.527496338,77.872344971,112945200
5/28/2020,79.192497253,80.860000610,78.907501221,79.562500000,77.906616211,133560800
5/29/2020,79.812500000,80.287498474,79.117500305,79.485000610,77.830734253,153532400
6/1/2020,79.437500000,80.587501526,79.302497864,80.462501526,78.787887573,80791200
6/2/2020,80.187500000,80.860000610,79.732498169,80.834999084,79.152618408,87642800
6/3/2020,81.165000916,81.550003052,80.574996948,81.279998779,79.588371277,104491200
6/4/2020,81.097503662,81.404998779,80.194999695,80.580001831,78.902954102,87560400
6/5/2020,80.837501526,82.937500000,80.807502747,82.875000000,81.150192261,137250400
6/8/2020,82.562500000,83.400001526,81.830001831,83.364997864,81.629974365,95654400
6/9/2020,83.035003662,86.402496338,83.002502441,85.997497559,84.207695007,147712400
6/10/2020,86.974998474,88.692497253,86.522499084,88.209999084,86.374137878,166651600
6/11/2020,87.327499390,87.764999390,83.870002747,83.974998474,82.227279663,201662400
6/12/2020,86.180000305,86.949996948,83.555000305,84.699996948,82.937194824,200146000
6/15/2020,83.312500000,86.419998169,83.144996643,85.747497559,83.962890625,138808800
6/16/2020,87.864997864,88.300003052,86.180000305,88.019996643,86.188102722,165428800
6/17/2020,88.787498474,88.849998474,87.772499084,87.897499084,86.068130493,114406400
6/18/2020,87.852500916,88.362503052,87.305000305,87.932502747,86.102432251,96820400
6/19/2020,88.660003662,89.139999390,86.287498474,87.430000305,85.610374451,264476000
6/22/2020,87.834999084,89.864997864,87.787498474,89.717498779,87.850288391,135445200
6/23/2020,91.000000000,93.095001221,90.567497253,91.632499695,89.725410461,212155600
6/24/2020,91.250000000,92.197502136,89.629997253,90.014999390,88.141578674,192623200
6/25/2020,90.175003052,91.250000000,89.392501831,91.209999084,89.311698914,137522400
6/26/2020,91.102500916,91.330001831,88.254997253,88.407501221,86.567527771,205256800
6/29/2020,88.312500000,90.542503357,87.819999695,90.444999695,88.562622070,130646000
6/30/2020,90.019996643,91.495002747,90.000000000,91.199996948,89.301910400,140223200
7/1/2020,91.279998779,91.839996338,90.977500916,91.027496338,89.133003235,110737200
7/2/2020,91.962501526,92.617500305,90.910003662,91.027496338,89.133003235,114041600
7/6/2020,92.500000000,93.944999695,92.467498779,93.462501526,91.517326355,118655600
7/7/2020,93.852500916,94.654998779,93.057502747,93.172500610,91.233367920,112424400
7/8/2020,94.180000305,95.375000000,94.089996338,95.342498779,93.358192444,117092000
7/9/2020,96.262496948,96.317497253,94.672500610,95.752502441,93.759681702,125642800
7/10/2020,95.334999084,95.980003357,94.705001831,95.919998169,93.923690796,90257200
7/13/2020,97.264999390,99.955001831,95.257499695,95.477500916,93.490394592,191649200
7/14/2020,94.839996338,97.254997253,93.877502441,97.057502747,95.037528992,170989200
7/15/2020,98.989997864,99.247497559,96.489997864,97.724998474,95.691123962,153198000
7/16/2020,96.562500000,97.404998779,95.904998779,96.522499084,94.513648987,110577600
7/17/2020,96.987503052,97.147499084,95.839996338,96.327499390,94.322708130,92186800
7/20/2020,96.417503357,98.500000000,96.062500000,98.357498169,96.310455322,90318000
7/21/2020,99.172500610,99.250000000,96.742500305,97.000000000,94.981193542,103433200
7/22/2020,96.692497253,97.974998474,96.602500916,97.272499084,95.248031616,89001600
7/23/2020,96.997497559,97.077499390,92.010002136,92.845001221,90.912681580,197004400
7/24/2020,90.987503052,92.970001221,89.144996643,92.614997864,90.687469482,185438800
7/27/2020,93.709999084,94.904998779,93.480003357,94.809997559,92.836784363,121214000
7/28/2020,94.367500305,94.550003052,93.247497559,93.252502441,91.311706543,103625600
7/29/2020,93.750000000,95.230003357,93.712501526,95.040000916,93.061996460,90329200
7/30/2020,94.187500000,96.297500610,93.767501831,96.190002441,94.188056946,158130000
7/31/2020,102.885002136,106.415000916,100.824996948,106.260002136,104.048484802,374336800
8/3/2020,108.199996948,111.637496948,107.892501831,108.937500000,106.670257568,308151200
8/4/2020,109.132499695,110.790000916,108.387496948,109.665000916,107.382621765,173071600
8/5/2020,109.377502441,110.392501831,108.897499084,110.062500000,107.771850586,121776800
8/6/2020,110.404998779,114.412498474,109.797500610,113.902496338,111.531929016,202428800
8/7/2020,113.205001831,113.675003052,110.292503357,111.112503052,108.996162415,198045600
8/10/2020,112.599998474,113.775001526,110.000000000,112.727500916,110.580398560,212403600
8/11/2020,111.970001221,112.482498169,109.107498169,109.375000000,107.291755676,187902400
8/12/2020,110.497497559,113.275001526,110.297500610,113.010002136,110.857528687,165598000
8/13/2020,114.430000305,116.042503357,113.927497864,115.010002136,112.819427490,210082000
8/14/2020,114.830001831,115.000000000,113.044998169,114.907501221,112.718872070,165565200
8/17/2020,116.062500000,116.087501526,113.962501526,114.607498169,112.424598694,119561600
8/18/2020,114.352500916,116.000000000,114.007499695,115.562500000,113.361396790,105633600
8/19/2020,115.982498169,117.162498474,115.610000610,115.707496643,113.503623962,145538000
8/20/2020,115.750000000,118.392501831,115.732498169,118.275001526,116.022232056,126907200
8/21/2020,119.262496948,124.867500305,119.250000000,124.370002747,122.001144409,338054800
8/24/2020,128.697494507,128.785003662,123.937500000,125.857498169,123.460304260,345937600
8/25/2020,124.697502136,125.180000305,123.052497864,124.824996948,122.447471619,211495600
8/26/2020,126.180000305,126.992500305,125.082496643,126.522499084,124.112632751,163022400
8/27/2020,127.142501831,127.485000610,123.832496643,125.010002136,122.628952026,155552400
8/28/2020,126.012496948,126.442497253,124.577499390,124.807502747,122.430320740,187630000
8/31/2020,127.580001831,131.000000000,126.000000000,129.039993286,126.582199097,225702700
9/1/2020,132.759994507,134.800003052,130.529998779,134.179992676,131.624267578,151948100
9/2/2020,137.589996338,137.979995728,127.000000000,131.399993896,128.897247314,200119000
9/3/2020,126.910003662,128.839996338,120.500000000,120.879997253,118.577613831,257599600
9/4/2020,120.069999695,123.699996948,110.889999390,120.959999084,118.656082153,332607200
9/8/2020,113.949996948,118.989997864,112.680000305,112.819999695,110.671127319,231366600
9/9/2020,117.260002136,119.139999390,115.260002136,117.319999695,115.085426331,176940500
9/10/2020,120.360000610,120.500000000,112.500000000,113.489997864,111.328361511,182274400
9/11/2020,114.569999695,115.230003357,110.000000000,112.000000000,109.866752625,180860300
9/14/2020,114.720001221,115.930000305,112.800003052,115.360000610,113.162750244,140150100
9/15/2020,118.330001831,118.830001831,113.610000610,115.540000916,113.339340210,184642000
9/16/2020,115.230003357,116.000000000,112.040000916,112.129997253,109.994270325,154679000
9/17/2020,109.720001221,112.199996948,108.709999084,110.339996338,108.238357544,178011000
9/18/2020,110.400001526,110.879997253,106.089996338,106.839996338,104.805030823,287104900
9/21/2020,104.540000916,110.190002441,103.099998474,110.080001831,107.983322144,195713800
9/22/2020,112.680000305,112.860000610,109.160003662,111.809997559,109.680381775,183055400
9/23/2020,111.620002747,112.110000610,106.769996643,107.120002747,105.079704285,150718700
9/24/2020,105.169998169,110.250000000,105.000000000,108.220001221,106.158737183,167743300
9/25/2020,108.430000305,112.440002441,107.669998169,112.279998779,110.141426086,149981400
9/28/2020,115.010002136,115.319999695,112.779998779,114.959999084,112.770370483,137672400
9/29/2020,114.550003052,115.309997559,113.569999695,114.089996338,111.916931152,99382200
9/30/2020,113.790000916,117.260002136,113.620002747,115.809997559,113.604187012,142675200
10/1/2020,117.639999390,117.720001221,115.830001831,116.790000916,114.565513611,116120400
10/2/2020,112.889999390,115.370002747,112.220001221,113.019996643,110.867317200,144712000
10/5/2020,113.910003662,116.650001526,113.550003052,116.500000000,114.281059265,106243800
10/6/2020,115.699996948,116.120002747,112.250000000,113.160003662,111.004676819,161498200
10/7/2020,114.620002747,115.550003052,114.129997253,115.080001831,112.888084412,96849000
10/8/2020,116.250000000,116.400001526,114.589996338,114.970001221,112.780181885,83477200
10/9/2020,115.279998779,117.000000000,114.919998169,116.970001221,114.742103577,100506900
10/12/2020,120.059997559,125.180000305,119.279998779,124.400001526,122.030570984,240226800
10/13/2020,125.269996643,125.389999390,119.650001526,121.099998474,118.793426514,262330500
10/14/2020,121.000000000,123.029998779,119.620002747,121.190002441,118.881721497,150712000
10/15/2020,118.720001221,121.199996948,118.150001526,120.709999084,118.410858154,112559200
10/16/2020,121.279998779,121.550003052,118.809997559,119.019996643,116.753028870,115393800
10/19/2020,119.959999084,120.419998169,115.660003662,115.980003357,113.770957947,120639300
10/20/2020,116.199996948,118.980003357,115.629997253,117.510002136,115.271812439,124423700
10/21/2020,116.669998169,118.709999084,116.449996948,116.870002747,114.644012451,89946000
10/22/2020,117.449996948,118.040000916,114.589996338,115.750000000,113.545326233,101988000
10/23/2020,116.389999390,116.550003052,114.279998779,115.040000916,112.848854065,82572600
10/26/2020,114.010002136,116.550003052,112.879997253,115.050003052,112.858665466,111850700
10/27/2020,115.489997864,117.279998779,114.540000916,116.599998474,114.379135132,92276800
10/28/2020,115.050003052,115.430000305,111.099998474,111.199996948,109.081985474,143937800
10/29/2020,112.370002747,116.930000305,112.199996948,115.319999695,113.123512268,146129200
10/30/2020,111.059997559,111.989997864,107.720001221,108.860000610,106.786567688,190272600
11/2/2020,109.110000610,110.680000305,107.319999695,108.769996643,106.698280334,122866900
11/3/2020,109.660003662,111.489997864,108.730003357,110.440002441,108.336463928,107624400
11/4/2020,114.139999390,115.589996338,112.349998474,114.949996948,112.760574341,138235500
11/5/2020,117.949996948,119.620002747,116.870002747,119.029998779,116.762832642,126387100
11/6/2020,118.319999695,119.199996948,116.129997253,118.690002441,116.630210876,114457900
11/9/2020,120.500000000,121.989997864,116.050003052,116.319999695,114.301315308,154515300
11/10/2020,115.550003052,117.589996338,114.129997253,115.970001221,113.957412720,138023400
11/11/2020,117.190002441,119.629997253,116.440002441,119.489997864,117.416313171,112295000
11/12/2020,119.620002747,120.529998779,118.569999695,119.209999084,117.141166687,103162300
11/13/2020,119.440002441,119.669998169,117.870002747,119.260002136,117.190307617,81581900
11/16/2020,118.919998169,120.989997864,118.150001526,120.300003052,118.212265015,91183000
11/17/2020,119.550003052,120.669998169,118.959999084,119.389999390,117.318054199,74271000
11/18/2020,118.610000610,119.819999695,118.000000000,118.029998779,115.981651306,76322100
11/19/2020,117.589996338,119.059997559,116.809997559,118.639999390,116.581069946,74113000
11/20/2020,118.639999390,118.769996643,117.290000916,117.339996338,115.303627014,73604300
11/23/2020,117.180000305,117.620002747,113.750000000,113.849998474,111.874198914,127959300
11/24/2020,113.910003662,115.849998474,112.589996338,115.169998169,113.171279907,113874200
11/25/2020,115.550003052,116.750000000,115.169998169,116.029998779,114.016357422,76499200
11/27/2020,116.569999695,117.489997864,116.220001221,116.589996338,114.566642761,46691300
11/30/2020,116.970001221,120.970001221,116.809997559,119.050003052,116.983955383,169410200
12/1/2020,121.010002136,123.470001221,120.010002136,122.720001221,120.590278625,127728200
12/2/2020,122.019996643,123.370002747,120.889999390,123.080001831,120.944007874,89004200
12/3/2020,123.519996643,123.779998779,122.209999084,122.940002441,120.806449890,78967600
12/4/2020,122.599998474,122.860000610,121.519996643,122.250000000,120.128410339,78260400
12/7/2020,122.309997559,124.569999695,122.250000000,123.750000000,121.602386475,86712000
12/8/2020,124.370002747,124.980003357,123.089996338,124.379997253,122.221443176,82225500
12/9/2020,124.529998779,125.949996948,121.000000000,121.779998779,119.666557312,115089200
12/10/2020,120.500000000,123.870002747,120.150001526,123.239997864,121.101226807,81312200
12/11/2020,122.430000305,122.760002136,120.550003052,122.410003662,120.285644531,86939800
12/14/2020,122.599998474,123.349998474,121.540000916,121.779998779,119.666557312,79184500
12/15/2020,124.339996338,127.900001526,124.129997253,127.879997253,125.660713196,157243700
12/16/2020,127.410003662,128.369995117,126.559997559,127.809997559,125.591926575,98208600
12/17/2020,128.899993896,129.580001831,128.039993286,128.699996948,126.466484070,94359800
12/18/2020,128.960006714,129.100006104,126.120002747,126.660003662,124.461891174,192541500
12/21/2020,125.019996643,128.309997559,123.449996948,128.229995728,126.004631042,121251600
12/22/2020,131.610000610,134.410003662,129.649993896,131.880004883,129.591293335,168904800
12/23/2020,132.160003662,132.429992676,130.779998779,130.960006714,128.687240601,88223700
12/24/2020,131.320007324,133.460006714,131.100006104,131.970001221,129.679748535,54930100
12/28/2020,133.990005493,137.339996338,133.509994507,136.690002441,134.317794800,124486200
12/29/2020,138.050003052,138.789993286,134.339996338,134.869995117,132.529373169,121047300
12/30/2020,135.580001831,135.990005493,133.399993896,133.720001221,131.399368286,96452100
12/31/2020,134.080001831,134.740005493,131.720001221,132.690002441,130.387207031,99116600
1/4/2021,133.520004272,133.610000610,126.760002136,129.410003662,127.164154053,143301900
1/5/2021,128.889999390,131.740005493,128.429992676,131.009994507,128.736404419,97664900
1/6/2021,127.720001221,131.050003052,126.379997253,126.599998474,124.402908325,155088000
1/7/2021,128.360000610,131.630004883,127.860000610,130.919998169,128.647933960,109578200
1/8/2021,132.429992676,132.630004883,130.229995728,132.050003052,129.758346558,105158200
1/11/2021,129.190002441,130.169998169,128.500000000,128.979995728,126.741600037,100384500
1/12/2021,128.500000000,129.690002441,126.860000610,128.800003052,126.564758301,91951100
1/13/2021,128.759994507,131.449996948,128.490005493,130.889999390,128.618453979,88636800
1/14/2021,130.800003052,131.000000000,128.759994507,128.910003662,126.672836304,90221800
1/15/2021,128.779998779,130.220001221,127.000000000,127.139999390,124.933547974,111598500
1/19/2021,127.779998779,128.710006714,126.940002441,127.830001831,125.611579895,90757300
1/20/2021,128.660003662,132.490005493,128.550003052,132.029998779,129.738677979,104319500
1/21/2021,133.800003052,139.669998169,133.589996338,136.869995117,134.494689941,120150900
1/22/2021,136.279998779,139.850006104,135.020004272,139.070007324,136.656539917,114459400
1/25/2021,143.070007324,145.089996338,136.539993286,142.919998169,140.439682007,157611700
1/26/2021,143.600006104,144.300003052,141.369995117,143.160003662,140.675552368,98390600
1/27/2021,143.429992676,144.300003052,140.410003662,142.059997559,139.594619751,140843800
1/28/2021,139.520004272,141.990005493,136.699996948,137.089996338,134.710876465,142621100
1/29/2021,135.830001831,136.740005493,130.210006714,131.960006714,129.669921875,177523800
2/1/2021,133.750000000,135.380004883,130.929992676,134.139999390,131.812072754,106239800
2/2/2021,135.729995728,136.309997559,134.610000610,134.990005493,132.647323608,83305400
2/3/2021,135.759994507,135.770004272,133.610000610,133.940002441,131.615539551,89880900
2/4/2021,136.300003052,137.399993896,134.589996338,137.389999390,135.005661011,84183100
2/5/2021,137.350006104,137.419998169,135.860000610,136.759994507,134.587417603,75693800
2/8/2021,136.029998779,136.960006714,134.919998169,136.910003662,134.735000610,71297200
2/9/2021,136.619995117,137.880004883,135.850006104,136.009994507,133.849319458,76774200
2/10/2021,136.479995728,136.990005493,134.399993896,135.389999390,133.239181519,73046600
2/11/2021,135.899993896,136.389999390,133.770004272,135.130004883,132.983306885,64280000
2/12/2021,134.350006104,135.529998779,133.690002441,135.369995117,133.219482422,60145100
2/16/2021,135.490005493,136.009994507,132.789993286,133.190002441,131.074142456,80576300
2/17/2021,131.250000000,132.220001221,129.470001221,130.839996338,128.761459351,97918500
2/18/2021,129.199996948,130.000000000,127.410003662,129.710006714,127.649406433,96856700
2/19/2021,130.240005493,130.710006714,128.800003052,129.869995117,127.806869507,87668800
2/22/2021,128.009994507,129.720001221,125.599998474,126.000000000,123.998344421,103916400
2/23/2021,123.760002136,126.709999084,118.389999390,125.860000610,123.860580444,158273000
2/24/2021,124.940002441,125.559997559,122.230003357,125.349998474,123.358673096,111039900
2/25/2021,124.680000305,126.459999084,120.540000916,120.989997864,119.067932129,148199500
2/26/2021,122.589996338,124.849998474,121.199996948,121.260002136,119.333648682,164560400
3/1/2021,123.750000000,127.930000305,122.790000916,127.790000916,125.759925842,116307900
3/2/2021,128.410003662,128.720001221,125.010002136,125.120002747,123.132331848,102260900
3/3/2021,124.809997559,125.709999084,121.839996338,122.059997559,120.120941162,112966300
3/4/2021,121.750000000,123.599998474,118.620002747,120.129997253,118.221595764,178155000
3/5/2021,120.980003357,121.940002441,117.569999695,121.419998169,119.491088867,153766600
3/8/2021,120.930000305,121.000000000,116.209999084,116.360000610,114.511482239,154376600
3/9/2021,119.029998779,122.059997559,118.790000916,121.089996338,119.166358948,129525800
3/10/2021,121.690002441,122.169998169,119.449996948,119.980003357,118.073974609,111943300
3/11/2021,122.540000916,123.209999084,121.260002136,121.959999084,120.022529602,103026500
3/12/2021,120.400001526,121.169998169,119.160003662,121.029998779,119.107299805,88105100
3/15/2021,121.410003662,124.000000000,120.419998169,123.989997864,122.020286560,92403800
3/16/2021,125.699996948,127.220001221,124.720001221,125.569999695,123.575195313,115227900
3/17/2021,124.050003052,125.860000610,122.339996338,124.760002136,122.778053284,111932600
3/18/2021,122.879997253,123.180000305,120.319999695,120.529998779,118.615249634,121229700
3/19/2021,119.900001526,121.430000305,119.680000305,119.989997864,118.083824158,185549500
3/22/2021,120.330001831,123.870002747,120.260002136,123.389999390,121.429801941,111912300
3/23/2021,123.330001831,124.239997864,122.139999390,122.540000916,120.593322754,95467100
3/24/2021,122.819999695,122.900001526,120.069999695,120.089996338,118.182235718,88530500
3/25/2021,119.540000916,121.660003662,119.000000000,120.589996338,118.674293518,98844700
3/26/2021,120.349998474,121.480003357,118.919998169,121.209999084,119.284439087,94071200
3/29/2021,121.650001526,122.580001831,120.730003357,121.389999390,119.461593628,80819200
3/30/2021,120.110000610,120.400001526,118.860000610,119.900001526,117.995269775,85671900
3/31/2021,121.650001526,123.519996643,121.150001526,122.150001526,120.209503174,118323800
4/1/2021,123.660003662,124.180000305,122.489997864,123.000000000,121.046005249,75089100
4/5/2021,123.870002747,126.160003662,123.069999695,125.900001526,123.899932861,88651200
4/6/2021,126.500000000,127.129997253,125.650001526,126.209999084,124.205001831,80171300
4/7/2021,125.830001831,127.919998169,125.139999390,127.900001526,125.868171692,83466700
4/8/2021,128.949996948,130.389999390,128.520004272,130.360000610,128.289108276,88844600
4/9/2021,129.800003052,133.039993286,129.470001221,133.000000000,130.887161255,106686700
4/12/2021,132.520004272,132.850006104,130.630004883,131.240005493,129.155120850,91420000
4/13/2021,132.440002441,134.660003662,131.929992676,134.429992676,132.294433594,91266500
4/14/2021,134.940002441,135.000000000,131.660003662,132.029998779,129.932556152,87222800
4/15/2021,133.820007324,135.000000000,133.639999390,134.500000000,132.363311768,89347100
4/16/2021,134.300003052,134.669998169,133.279998779,134.160003662,132.028717041,84922400
4/19/2021,133.509994507,135.470001221,133.339996338,134.839996338,132.697921753,94264200
4/20/2021,135.020004272,135.529998779,131.809997559,133.110000610,130.995391846,94812300
4/21/2021,132.360000610,133.750000000,131.300003052,133.500000000,131.379211426,68847100
4/22/2021,133.039993286,134.149993896,131.410003662,131.940002441,129.844009399,84566500
4/23/2021,132.160003662,135.119995117,132.160003662,134.320007324,132.186187744,78657500
4/26/2021,134.830001831,135.059997559,133.559997559,134.720001221,132.579818726,66905100
4/27/2021,135.009994507,135.410003662,134.110000610,134.389999390,132.255081177,66015800
4/28/2021,134.309997559,135.020004272,133.080001831,133.580001831,131.457962036,107760100
4/29/2021,136.470001221,137.070007324,132.449996948,133.479995728,131.359542847,151101000
4/30/2021,131.779998779,133.559997559,131.070007324,131.460006714,129.371627808,109839500
5/3/2021,132.039993286,134.070007324,131.830001831,132.539993286,130.434463501,75135100
5/4/2021,131.190002441,131.490005493,126.699996948,127.849998474,125.818962097,137564700
5/5/2021,129.199996948,130.449996948,127.970001221,128.100006104,126.065010071,84000900
5/6/2021,127.889999390,129.750000000,127.129997253,129.740005493,127.678962708,78128300
5/7/2021,130.850006104,131.259994507,129.479995728,130.210006714,128.359130859,78973300
5/10/2021,129.410003662,129.539993286,126.809997559,126.849998474,125.046905518,88071200
5/11/2021,123.500000000,126.269996643,122.769996643,125.910003662,124.120262146,126142800
5/12/2021,123.400001526,124.639999390,122.250000000,122.769996643,121.024879456,112172300
5/13/2021,124.580001831,126.150001526,124.260002136,124.970001221,123.193611145,105861300
5/14/2021,126.250000000,127.889999390,125.849998474,127.449996948,125.638343811,81918000
5/17/2021,126.819999695,126.930000305,125.169998169,126.269996643,124.475135803,74244600
5/18/2021,126.559997559,126.989997864,124.779998779,124.849998474,123.075317383,63342900
5/19/2021,123.160003662,124.919998169,122.860000610,124.690002441,122.917602539,92612000
5/20/2021,125.230003357,127.720001221,125.099998474,127.309997559,125.500343323,76857100
5/21/2021,127.819999695,128.000000000,125.209999084,125.430000305,123.647079468,79295400
5/24/2021,126.010002136,127.940002441,125.940002441,127.099998474,125.293334961,63092900
5/25/2021,127.819999695,128.320007324,126.319999695,126.900001526,125.096183777,72009500
5/26/2021,126.959999084,127.389999390,126.419998169,126.849998474,125.046905518,56575900
5/27/2021,126.440002441,127.639999390,125.080001831,125.279998779,123.499214172,94625600
5/28/2021,125.569999695,125.800003052,124.550003052,124.610000610,122.838729858,71311100
6/1/2021,125.080001831,125.349998474,123.940002441,124.279998779,122.513420105,67637100
6/2/2021,124.279998779,125.239997864,124.050003052,125.059997559,123.282325745,59278900
6/3/2021,124.680000305,124.849998474,123.129997253,123.540000916,121.783943176,76229200
6/4/2021,124.069999695,126.160003662,123.849998474,125.889999390,124.100524902,75169300
6/7/2021,126.169998169,126.319999695,124.830001831,125.900001526,124.110389709,71057600
6/8/2021,126.599998474,128.460006714,126.209999084,126.739997864,124.938446045,74403800
6/9/2021,127.209999084,127.750000000,126.519996643,127.129997253,125.322891235,56877900
6/10/2021,127.019996643,128.190002441,125.940002441,126.110000610,124.317405701,71186400
6/11/2021,126.529998779,127.440002441,126.099998474,127.349998474,125.539787292,53522400
6/14/2021,127.819999695,130.539993286,127.069999695,130.479995728,128.625289917,96906500
6/15/2021,129.940002441,130.600006104,129.389999390,129.639999390,127.797233582,62746300
6/16/2021,130.369995117,130.889999390,128.460006714,130.149993896,128.299987793,91815000
6/17/2021,129.800003052,132.550003052,129.649993896,131.789993286,129.916656494,96721700
6/18/2021,130.710006714,131.509994507,130.240005493,130.460006714,128.605606079,108953300
6/21/2021,130.300003052,132.410003662,129.210006714,132.300003052,130.419418335,79663300
6/22/2021,132.130004883,134.080001831,131.619995117,133.979995728,132.075546265,74783600
6/23/2021,133.770004272,134.320007324,133.229995728,133.699996948,131.799514771,60214200
6/24/2021,134.449996948,134.639999390,132.929992676,133.410003662,131.513641357,68711000
6/25/2021,133.460006714,133.889999390,132.809997559,133.110000610,131.217895508,70783700
6/28/2021,133.410003662,135.250000000,133.350006104,134.779998779,132.864151001,62111300
6/29/2021,134.800003052,136.490005493,134.350006104,136.330001831,134.392135620,64556100
6/30/2021,136.169998169,137.410003662,135.869995117,136.960006714,135.013183594,63261400
7/1/2021,136.600006104,137.330001831,135.759994507,137.270004272,135.318786621,52485800
7/2/2021,137.899993896,140.000000000,137.750000000,139.960006714,137.970565796,78852600
7/6/2021,140.070007324,143.149993896,140.070007324,142.020004272,140.001251221,108181800
7/7/2021,143.539993286,144.889999390,142.660003662,144.570007324,142.514999390,104911600
7/8/2021,141.580001831,144.059997559,140.669998169,143.240005493,141.203903198,105575500
7/9/2021,142.750000000,145.649993896,142.649993896,145.110000610,143.047348022,99890800
7/12/2021,146.210006714,146.320007324,144.000000000,144.500000000,142.445968628,76299700
7/13/2021,144.029998779,147.460006714,143.630004883,145.639999390,143.569793701,100827100
7/14/2021,148.100006104,149.570007324,147.679992676,149.149993896,147.029907227,127050800
7/15/2021,149.240005493,150.000000000,147.089996338,148.479995728,146.369415283,106820300
7/16/2021,148.460006714,149.759994507,145.880004883,146.389999390,144.309143066,93251400
7/19/2021,143.750000000,144.070007324,141.669998169,142.449996948,140.425140381,121434600
7/20/2021,143.460006714,147.100006104,142.960006714,146.149993896,144.072555542,96350000
7/21/2021,145.529998779,146.130004883,144.630004883,145.399993896,143.333190918,74993500
7/22/2021,145.940002441,148.199996948,145.809997559,146.800003052,144.713302612,77338200
7/23/2021,147.550003052,148.720001221,146.919998169,148.559997559,146.448287964,71447400
7/26/2021,148.270004272,149.830001831,147.699996948,148.990005493,146.872177124,72434100
7/27/2021,149.119995117,149.210006714,145.550003052,146.770004272,144.683731079,104818600
7/28/2021,144.809997559,146.970001221,142.539993286,144.979995728,142.919174194,118931200
7/29/2021,144.690002441,146.550003052,144.580001831,145.639999390,143.569793701,56699500
7/30/2021,144.380004883,146.330001831,144.110000610,145.860000610,143.786666870,70440600
8/2/2021,146.360000610,146.949996948,145.250000000,145.520004272,143.451507568,62880000
8/3/2021,145.809997559,148.039993286,145.179992676,147.360000610,145.265335083,64786600
8/4/2021,147.270004272,147.789993286,146.279998779,146.949996948,144.861160278,56368300
8/5/2021,146.979995728,147.839996338,146.169998169,147.059997559,144.969604492,46397700
8/6/2021,146.350006104,147.110000610,145.630004883,146.139999390,144.278533936,54126800
8/9/2021,146.199996948,146.699996948,145.520004272,146.089996338,144.229171753,48908700
8/10/2021,146.440002441,147.710006714,145.300003052,145.600006104,143.745437622,69023100
8/11/2021,146.050003052,146.720001221,145.529998779,145.860000610,144.002090454,48493500
8/12/2021,146.190002441,149.050003052,145.839996338,148.889999390,146.993499756,72282600
8/13/2021,148.970001221,149.440002441,148.270004272,149.100006104,147.200866699,59375000
8/16/2021,148.539993286,151.190002441,146.470001221,151.119995117,149.195114136,103296000
8/17/2021,150.229995728,151.679992676,149.089996338,150.190002441,148.276947021,92229700
8/18/2021,149.800003052,150.720001221,146.149993896,146.360000610,144.495712280,86326000
8/19/2021,145.029998779,148.000000000,144.500000000,146.699996948,144.831405640,86960300
8/20/2021,147.440002441,148.500000000,146.779998779,148.190002441,146.302429199,60549600
8/23/2021,148.309997559,150.190002441,147.889999390,149.710006714,147.803085327,60131800
8/24/2021,149.449996948,150.860000610,149.149993896,149.619995117,147.714218140,48606400
8/25/2021,149.809997559,150.320007324,147.800003052,148.360000610,146.470245361,58991300
8/26/2021,148.350006104,149.119995117,147.509994507,147.539993286,145.660705566,48597200
8/27/2021,147.479995728,148.750000000,146.830001831,148.600006104,146.707214355,55802400
8/30/2021,149.000000000,153.490005493,148.610000610,153.119995117,151.169616699,90956700
8/31/2021,152.660003662,152.800003052,151.289993286,151.830001831,149.896057129,86453100
9/1/2021,152.830001831,154.979995728,152.339996338,152.509994507,150.567382813,80313700
9/2/2021,153.869995117,154.720001221,152.399993896,153.649993896,151.692840576,71115500
9/3/2021,153.759994507,154.630004883,153.089996338,154.300003052,152.334609985,57808700
9/7/2021,154.970001221,157.259994507,154.389999390,156.690002441,154.694183350,82278300
9/8/2021,156.979995728,157.039993286,153.979995728,155.110000610,153.134292603,74420200
9/9/2021,155.490005493,156.110000610,153.949996948,154.070007324,152.107528687,57305700
9/10/2021,155.000000000,155.479995728,148.699996948,148.970001221,147.072494507,140893200
9/13/2021,150.630004883,151.419998169,148.750000000,149.550003052,147.645095825,102404300
9/14/2021,150.350006104,151.070007324,146.910003662,148.119995117,146.233306885,109296300
9/15/2021,148.559997559,149.440002441,146.369995117,149.029998779,147.131729126,83281300
9/16/2021,148.440002441,148.970001221,147.220001221,148.789993286,146.894790649,68034100
9/17/2021,148.820007324,148.820007324,145.759994507,146.059997559,144.199554443,129868800
9/20/2021,143.800003052,144.839996338,141.270004272,142.940002441,141.119277954,123478900
9/21/2021,143.929992676,144.600006104,142.779998779,143.429992676,141.603042603,75834000
9/22/2021,144.449996948,146.429992676,143.699996948,145.850006104,143.992233276,76404300
9/23/2021,146.649993896,147.080001831,145.639999390,146.830001831,144.959747314,64838200
9/24/2021,145.660003662,147.470001221,145.559997559,146.919998169,145.048599243,53477900
9/27/2021,145.470001221,145.960006714,143.820007324,145.369995117,143.518371582,74150700
9/28/2021,143.250000000,144.750000000,141.690002441,141.910003662,140.102432251,108972300
9/29/2021,142.470001221,144.449996948,142.029998779,142.830001831,141.010696411,74602000
9/30/2021,143.660003662,144.380004883,141.279998779,141.500000000,139.697677612,89056700
10/1/2021,141.899993896,142.919998169,139.110000610,142.649993896,140.832992554,94639600
10/4/2021,141.759994507,142.210006714,138.270004272,139.139999390,137.367706299,98322000
10/5/2021,139.490005493,142.240005493,139.360000610,141.110000610,139.312622070,80861100
10/6/2021,139.470001221,142.149993896,138.369995117,142.000000000,140.191268921,83221100
10/7/2021,143.059997559,144.220001221,142.720001221,143.289993286,141.464859009,61732700
10/8/2021,144.029998779,144.179992676,142.559997559,142.899993896,141.079803467,58773200
10/11/2021,142.270004272,144.809997559,141.809997559,142.809997559,140.990966797,64452200
10/12/2021,143.229995728,143.250000000,141.039993286,141.509994507,139.707534790,73035900
10/13/2021,141.240005493,141.399993896,139.199996948,140.910003662,139.115158081,78762700
10/14/2021,142.110000610,143.880004883,141.509994507,143.759994507,141.928848267,69907100
10/15/2021,143.770004272,144.899993896,143.509994507,144.839996338,142.995086670,67940300
10/18/2021,143.449996948,146.839996338,143.160003662,146.550003052,144.683303833,85589200
10/19/2021,147.009994507,149.169998169,146.550003052,148.759994507,146.865142822,76378900
10/20/2021,148.699996948,149.750000000,148.119995117,149.259994507,147.358779907,58418800
10/21/2021,148.809997559,149.639999390,147.869995117,149.479995728,147.575988770,61421000
10/22/2021,149.690002441,150.179992676,148.639999390,148.690002441,146.796066284,58883400
10/25/2021,148.679992676,149.369995117,147.619995117,148.639999390,146.746673584,50720600
10/26/2021,149.330001831,150.839996338,149.009994507,149.320007324,147.418045044,60893400
10/27/2021,149.360000610,149.729995728,148.490005493,148.850006104,146.954025269,56094900
10/28/2021,149.820007324,153.169998169,149.720001221,152.570007324,150.626632690,100077900
10/29/2021,147.220001221,149.940002441,146.410003662,149.800003052,147.891921997,124953200
11/1/2021,148.990005493,149.699996948,147.800003052,148.960006714,147.062606812,74588300
11/2/2021,148.660003662,151.570007324,148.649993896,150.020004272,148.109115601,69122000
11/3/2021,150.389999390,151.970001221,149.820007324,151.490005493,149.560409546,54511500
11/4/2021,151.580001831,152.429992676,150.639999390,150.960006714,149.037109375,60394600
11/5/2021,151.889999390,152.199996948,150.059997559,151.279998779,149.571044922,65463900
11/8/2021,151.410003662,151.570007324,150.160003662,150.440002441,148.740524292,55020900
11/9/2021,150.199996948,151.429992676,150.059997559,150.809997559,149.106338501,56787900
11/10/2021,150.020004272,150.130004883,147.850006104,147.919998169,146.249008179,65187100
11/11/2021,148.960006714,149.429992676,147.679992676,147.869995117,146.199554443,41000000
11/12/2021,148.429992676,150.399993896,147.479995728,149.990005493,148.295623779,63804000
11/15/2021,150.369995117,151.880004883,149.429992676,150.000000000,148.305496216,59222800
11/16/2021,149.940002441,151.490005493,149.339996338,151.000000000,149.294204712,59256200
11/17/2021,151.000000000,155.000000000,150.990005493,153.490005493,151.756072998,88807000
11/18/2021,153.710006714,158.669998169,153.050003052,157.869995117,156.086578369,137827700
11/19/2021,157.649993896,161.020004272,156.529998779,160.550003052,158.736297607,117305600
11/22/2021,161.679992676,165.699996948,161.000000000,161.020004272,159.201019287,117467900
11/23/2021,161.119995117,161.800003052,159.059997559,161.410003662,159.586608887,96041900
11/24/2021,160.750000000,162.139999390,159.639999390,161.940002441,160.110610962,69463600
11/26/2021,159.570007324,160.449996948,156.360000610,156.809997559,155.038558960,76959800
11/29/2021,159.369995117,161.190002441,158.789993286,160.240005493,158.429840088,88748200
11/30/2021,159.990005493,165.520004272,159.919998169,165.300003052,163.432662964,174048100
12/1/2021,167.479995728,170.300003052,164.529998779,164.770004272,162.908660889,152052500
12/2/2021,158.740005493,164.199996948,157.800003052,163.759994507,161.910049438,136739200
12/3/2021,164.020004272,164.960006714,159.720001221,161.839996338,160.011734009,118023100
12/6/2021,164.289993286,167.880004883,164.279998779,165.320007324,163.452453613,107497000
12/7/2021,169.080001831,171.580001831,168.339996338,171.179992676,169.246231079,120405400
12/8/2021,172.130004883,175.960006714,170.699996948,175.080001831,173.102172852,116998900
12/9/2021,174.910003662,176.750000000,173.919998169,174.559997559,172.588043213,108923700
12/10/2021,175.210006714,179.630004883,174.690002441,179.449996948,177.422805786,115402700
12/13/2021,181.119995117,182.130004883,175.529998779,175.740005493,173.754714966,153237000
12/14/2021,175.250000000,177.740005493,172.210006714,174.330001831,172.360656738,139380400
12/15/2021,175.110000610,179.500000000,172.309997559,179.300003052,177.274505615,131063300
12/16/2021,179.279998779,181.139999390,170.750000000,172.259994507,170.314041138,150185800
12/17/2021,169.929992676,173.470001221,169.690002441,171.139999390,169.206695557,195432700
12/20/2021,168.279998779,170.580001831,167.460006714,169.750000000,167.832382202,107499100
12/21/2021,171.559997559,173.199996948,169.119995117,172.990005493,171.035781860,91185900
12/22/2021,173.039993286,175.860000610,172.149993896,175.639999390,173.655838013,92135300
12/23/2021,175.850006104,176.850006104,175.270004272,176.279998779,174.288635254,68356600
12/27/2021,177.089996338,180.419998169,177.070007324,180.330001831,178.292877197,74919600
12/28/2021,180.160003662,181.330001831,178.529998779,179.289993286,177.264602661,79144300
12/29/2021,179.330001831,180.630004883,178.139999390,179.380004883,177.353622437,62348900
12/30/2021,179.470001221,180.570007324,178.089996338,178.199996948,176.186950684,59773000
12/31/2021,178.089996338,179.229995728,177.259994507,177.570007324,175.564071655,64062300
1/3/2022,177.830001831,182.880004883,177.710006714,182.009994507,179.953887939,104487900
1/4/2022,182.630004883,182.940002441,179.119995117,179.699996948,177.669982910,99310400
1/5/2022,179.610000610,180.169998169,174.639999390,174.919998169,172.943984985,94537600
1/6/2022,172.699996948,175.300003052,171.639999390,172.000000000,170.056961060,96904000
1/7/2022,172.889999390,174.139999390,171.029998779,172.169998169,170.225036621,86709100
1/10/2022,169.080001831,172.500000000,168.169998169,172.190002441,170.244842529,106765600
1/11/2022,172.320007324,175.179992676,170.820007324,175.080001831,173.102172852,76138300
1/12/2022,176.119995117,177.179992676,174.820007324,175.529998779,173.547073364,74805200
1/13/2022,175.779998779,176.619995117,171.789993286,172.190002441,170.244842529,84505800
1/14/2022,171.339996338,173.779998779,171.089996338,173.070007324,171.114898682,80440800
1/18/2022,171.509994507,172.539993286,169.410003662,169.800003052,167.881835938,90956700
1/19/2022,170.000000000,171.080001831,165.940002441,166.229995728,164.352127075,94815000
1/20/2022,166.979995728,169.679992676,164.179992676,164.509994507,162.651565552,91420500
1/21/2022,164.419998169,166.330001831,162.300003052,162.410003662,160.575302124,122848900
1/24/2022,160.020004272,162.300003052,154.699996948,161.619995117,159.794219971,162294600
1/25/2022,158.979995728,162.759994507,157.020004272,159.779998779,157.975006104,115798400
1/26/2022,163.500000000,164.389999390,157.820007324,159.690002441,157.886047363,108275300
1/27/2022,162.449996948,163.839996338,158.279998779,159.220001221,157.421325684,121954600
1/28/2022,165.710006714,170.350006104,162.800003052,170.330001831,168.405838013,179935700
1/31/2022,170.160003662,175.000000000,169.509994507,174.779998779,172.805557251,115541600
2/1/2022,174.009994507,174.839996338,172.309997559,174.610000610,172.637496948,86213900
2/2/2022,174.750000000,175.880004883,173.330001831,175.839996338,173.853576660,84914300
2/3/2022,174.479995728,176.240005493,172.119995117,172.899993896,170.946792603,89418100
2/4/2022,171.679992676,174.100006104,170.679992676,172.389999390,170.659713745,82465400
2/7/2022,172.860000610,173.949996948,170.949996948,171.660003662,169.937042236,77251200
2/8/2022,171.729995728,175.350006104,171.429992676,174.830001831,173.075241089,74829200
2/9/2022,176.050003052,176.649993896,174.899993896,176.279998779,174.510665894,71285000
2/10/2022,174.139999390,175.479995728,171.550003052,172.119995117,170.392440796,90865900
2/11/2022,172.330001831,173.080001831,168.039993286,168.639999390,166.947357178,98670700
2/14/2022,167.369995117,169.580001831,166.559997559,168.880004883,167.184936523,86185500
2/15/2022,170.970001221,172.949996948,170.250000000,172.789993286,171.055679321,62527400
2/16/2022,171.850006104,173.339996338,170.050003052,172.550003052,170.818115234,61177400
2/17/2022,171.029998779,171.910003662,168.470001221,168.880004883,167.184936523,69589300
2/18/2022,169.820007324,170.539993286,166.190002441,167.300003052,165.620819092,82772700
2/22/2022,164.979995728,166.690002441,162.149993896,164.320007324,162.670730591,91162800
2/23/2022,165.539993286,166.149993896,159.750000000,160.070007324,158.463378906,90009200
2/24/2022,152.580001831,162.850006104,152.000000000,162.740005493,161.106567383,141147500
2/25/2022,163.839996338,165.119995117,160.869995117,164.850006104,163.195404053,91974200
2/28/2022,163.059997559,165.419998169,162.429992676,165.119995117,163.462692261,95056600
3/1/2022,164.699996948,166.600006104,161.970001221,163.199996948,161.561981201,83474400
3/2/2022,164.389999390,167.360000610,162.949996948,166.559997559,164.888244629,79724800
3/3/2022,168.470001221,168.910003662,165.550003052,166.229995728,164.561538696,76678400
3/4/2022,164.490005493,165.550003052,162.100006104,163.169998169,161.532241821,83737200
3/7/2022,163.360000610,165.020004272,159.039993286,159.300003052,157.701110840,96418800
3/8/2022,158.820007324,162.880004883,155.800003052,157.440002441,155.859786987,131148300
3/9/2022,161.479995728,163.410003662,159.410003662,162.949996948,161.314453125,91454900
3/10/2022,160.199996948,160.389999390,155.979995728,158.520004272,156.928939819,105342000
3/11/2022,158.929992676,159.279998779,154.500000000,154.729995728,153.176956177,96970100
3/14/2022,151.449996948,154.119995117,150.100006104,150.619995117,149.108200073,108732100
3/15/2022,150.899993896,155.570007324,150.380004883,155.089996338,153.533370972,92964300
3/16/2022,157.050003052,160.000000000,154.460006714,159.589996338,157.988189697,102300200
3/17/2022,158.610000610,161.000000000,157.630004883,160.619995117,159.007873535,75615400
3/18/2022,160.509994507,164.479995728,159.759994507,163.979995728,162.334121704,123511700
3/21/2022,163.509994507,166.350006104,163.009994507,165.380004883,163.720077515,95811400
3/22/2022,165.509994507,169.419998169,164.910003662,168.820007324,167.125549316,81532000
3/23/2022,167.990005493,172.639999390,167.649993896,170.210006714,168.501617432,98062700
3/24/2022,171.059997559,174.139999390,170.210006714,174.070007324,172.322891235,90131400
3/25/2022,173.880004883,175.279998779,172.750000000,174.720001221,172.966339111,80546200
3/28/2022,172.169998169,175.729995728,172.000000000,175.600006104,173.837524414,90371900
3/29/2022,176.690002441,179.009994507,176.339996338,178.960006714,177.163787842,100589400
3/30/2022,178.550003052,179.610000610,176.699996948,177.770004272,175.985748291,92633200
3/31/2022,177.839996338,178.029998779,174.399993896,174.610000610,172.857452393,103049300
4/1/2022,174.029998779,174.880004883,171.940002441,174.309997559,172.560455322,78751300
4/4/2022,174.570007324,178.490005493,174.440002441,178.440002441,176.649002075,76468400
4/5/2022,177.500000000,178.300003052,174.419998169,175.059997559,173.302917480,73401800
4/6/2022,172.360000610,173.630004883,170.130004883,171.830001831,170.105346680,89058800
4/7/2022,171.160003662,173.360000610,169.850006104,172.139999390,170.412231445,77594700
4/8/2022,171.779998779,171.779998779,169.199996948,170.089996338,168.382797241,76575500
4/11/2022,168.710006714,169.029998779,165.500000000,165.750000000,164.086380005,72246700
4/12/2022,168.020004272,169.869995117,166.639999390,167.660003662,165.977188110,79265200
4/13/2022,167.389999390,171.039993286,166.770004272,170.399993896,168.689697266,70618900
4/14/2022,170.619995117,171.270004272,165.039993286,165.289993286,163.630981445,75329400
4/18/2022,163.919998169,166.600006104,163.570007324,165.070007324,163.413208008,69023900
4/19/2022,165.020004272,167.820007324,163.910003662,167.399993896,165.719802856,67723800
4/20/2022,168.759994507,168.880004883,166.100006104,167.229995728,165.551498413,67929800
4/21/2022,168.910003662,171.529998779,165.910003662,166.419998169,164.749649048,87227800
4/22/2022,166.460006714,167.869995117,161.500000000,161.789993286,160.166107178,84882400
4/25/2022,161.119995117,163.169998169,158.460006714,162.880004883,161.245178223,96046400
4/26/2022,162.250000000,162.339996338,156.720001221,156.800003052,155.226196289,95623200
4/27/2022,155.910003662,159.789993286,155.380004883,156.570007324,154.998519897,88063200
4/28/2022,159.250000000,164.520004272,158.929992676,163.639999390,161.997558594,130216800
4/29/2022,161.839996338,166.199996948,157.250000000,157.649993896,156.067672729,131747600
5/2/2022,156.710006714,158.229995728,153.270004272,157.960006714,156.374557495,123055300
5/3/2022,158.149993896,160.710006714,156.320007324,159.479995728,157.879287720,88966500
5/4/2022,159.669998169,166.479995728,159.259994507,166.020004272,164.353652954,108256500
5/5/2022,163.850006104,164.080001831,154.949996948,156.770004272,155.196517944,130525300
5/6/2022,156.009994507,159.440002441,154.179992676,157.279998779,155.930145264,116124600
5/9/2022,154.929992676,155.830001831,151.490005493,152.059997559,150.754943848,131577900
5/10/2022,155.520004272,156.740005493,152.929992676,154.509994507,153.183898926,115366700
5/11/2022,153.500000000,155.449996948,145.809997559,146.500000000,145.242645264,142689800
5/12/2022,142.770004272,146.199996948,138.800003052,142.559997559,141.336456299,182602000
5/13/2022,144.589996338,148.100006104,143.110000610,147.110000610,145.847442627,113990900
5/16/2022,145.550003052,147.520004272,144.179992676,145.539993286,144.290893555,86643800
5/17/2022,148.860000610,149.770004272,146.679992676,149.240005493,147.959152222,78336300
5/18/2022,146.850006104,147.360000610,139.899993896,140.820007324,139.611434937,109742900
5/19/2022,139.880004883,141.660003662,136.600006104,137.350006104,136.171203613,136095600
5/20/2022,139.089996338,140.699996948,132.610000610,137.589996338,136.409149170,137426100
5/23/2022,137.789993286,143.259994507,137.649993896,143.110000610,141.881774902,117726300
5/24/2022,140.809997559,141.970001221,137.330001831,140.360000610,139.155349731,104132700
5/25/2022,138.429992676,141.789993286,138.339996338,140.520004272,139.314010620,92482700
5/26/2022,137.389999390,144.339996338,137.139999390,143.779998779,142.546020508,90601500
5/27/2022,145.389999390,149.679992676,145.259994507,149.639999390,148.355728149,90978500
5/31/2022,149.070007324,150.660003662,146.839996338,148.839996338,147.562576294,103718400
6/1/2022,149.899993896,151.740005493,147.679992676,148.710006714,147.433700562,74286600
6/2/2022,147.830001831,151.270004272,146.860000610,151.210006714,149.912261963,72348100
6/3/2022,146.899993896,147.970001221,144.460006714,145.380004883,144.132308960,88570300
6/6/2022,147.029998779,148.570007324,144.899993896,146.139999390,144.885757446,71598400
6/7/2022,144.350006104,149.000000000,144.100006104,148.710006714,147.433700562,67808200
6/8/2022,148.580001831,149.869995117,147.460006714,147.960006714,146.690139771,53950200
6/9/2022,147.080001831,147.949996948,142.529998779,142.639999390,141.415786743,69473000
6/10/2022,140.279998779,140.759994507,137.059997559,137.130004883,135.953079224,91437900
6/13/2022,132.869995117,135.199996948,131.440002441,131.880004883,130.748153687,122207100
6/14/2022,133.130004883,133.889999390,131.479995728,132.759994507,131.620590210,84784300
6/15/2022,134.289993286,137.339996338,132.160003662,135.429992676,134.267669678,91533000
6/16/2022,132.080001831,132.389999390,129.039993286,130.059997559,128.943771362,108123900
6/17/2022,130.070007324,133.080001831,129.809997559,131.559997559,130.430892944,134520300
6/21/2022,133.419998169,137.059997559,133.320007324,135.869995117,134.703887939,81000500
6/22/2022,134.789993286,137.759994507,133.910003662,135.350006104,134.188385010,73409200
6/23/2022,136.820007324,138.589996338,135.630004883,138.270004272,137.083297729,72433800
6/24/2022,139.899993896,141.910003662,139.770004272,141.660003662,140.444213867,89116800
6/27/2022,142.699996948,143.490005493,140.970001221,141.660003662,140.444213867,70207900
6/28/2022,142.130004883,143.419998169,137.320007324,137.440002441,136.260406494,67083400
6/29/2022,137.460006714,140.669998169,136.669998169,139.229995728,138.035049438,66242400
6/30/2022,137.250000000,138.369995117,133.770004272,136.720001221,135.546600342,98964500
7/1/2022,136.039993286,139.039993286,135.660003662,138.929992676,137.737625122,71051600
7/5/2022,137.770004272,141.610000610,136.929992676,141.559997559,140.345077515,73353800
7/6/2022,141.350006104,144.119995117,141.080001831,142.919998169,141.693389893,74064300
7/7/2022,143.289993286,146.550003052,143.279998779,146.350006104,145.093948364,66253700
7/8/2022,145.259994507,147.550003052,145.000000000,147.039993286,145.778030396,64547800
7/11/2022,145.669998169,146.639999390,143.779998779,144.869995117,143.626663208,63141600
7/12/2022,145.759994507,148.449996948,145.050003052,145.860000610,144.608154297,77588800
7/13/2022,142.990005493,146.449996948,142.119995117,145.490005493,144.241348267,71185600
7/14/2022,144.080001831,148.949996948,143.250000000,148.470001221,147.195755005,78140700
7/15/2022,149.779998779,150.860000610,148.199996948,150.169998169,148.881164551,76259900
7/18/2022,150.740005493,151.570007324,146.699996948,147.070007324,145.807785034,81420900
7/19/2022,147.919998169,151.229995728,146.910003662,151.000000000,149.704040527,82982400
7/20/2022,151.119995117,153.720001221,150.369995117,153.039993286,151.726516724,64823400
7/21/2022,154.500000000,155.570007324,151.940002441,155.350006104,154.016723633,65086600
7/22/2022,155.389999390,156.279998779,153.410003662,154.089996338,152.767501831,66675400
7/25/2022,154.009994507,155.039993286,152.279998779,152.949996948,151.637298584,53623900
7/26/2022,152.259994507,153.089996338,150.800003052,151.600006104,150.298904419,55138700
7/27/2022,152.580001831,157.330001831,152.160003662,156.789993286,155.444351196,78620700
7/28/2022,156.979995728,157.639999390,154.410003662,157.350006104,155.999557495,81378700
7/29/2022,161.240005493,163.630004883,159.500000000,162.509994507,161.115249634,101786900
8/1/2022,161.009994507,163.589996338,160.889999390,161.509994507,160.123840332,67829400
8/2/2022,160.100006104,162.410003662,159.630004883,160.009994507,158.636703491,59907000
8/3/2022,160.839996338,166.589996338,160.750000000,166.130004883,164.704193115,82507500
8/4/2022,166.009994507,167.190002441,164.429992676,165.809997559,164.386932373,55474100
8/5/2022,163.210006714,165.850006104,163.000000000,165.350006104,164.158599854,56697000
8/8/2022,166.369995117,167.809997559,164.199996948,164.869995117,163.682037354,60276900
8/9/2022,164.020004272,165.820007324,163.250000000,164.919998169,163.731704712,63135500
8/10/2022,167.679992676,169.339996338,166.899993896,169.240005493,168.020568848,70170500
8/11/2022,170.059997559,170.990005493,168.190002441,168.490005493,167.275970459,57149200
8/12/2022,169.820007324,172.169998169,169.399993896,172.100006104,170.859954834,68039400
8/15/2022,171.520004272,173.389999390,171.350006104,173.190002441,171.942092896,54091700
8/16/2022,172.779998779,173.710006714,171.660003662,173.029998779,171.783248901,56377100
8/17/2022,172.770004272,176.149993896,172.570007324,174.550003052,173.292312622,79542000
8/18/2022,173.750000000,174.899993896,173.119995117,174.149993896,172.895172119,62290100
8/19/2022,173.029998779,173.740005493,171.309997559,171.520004272,170.284133911,70346300
8/22/2022,169.690002441,169.860000610,167.139999390,167.570007324,166.362594604,69026800
8/23/2022,167.080001831,168.710006714,166.649993896,167.229995728,166.025039673,54147100
8/24/2022,167.320007324,168.110000610,166.250000000,167.529998779,166.322891235,53841500
8/25/2022,168.779998779,170.139999390,168.350006104,170.029998779,168.804870605,51218200
8/26/2022,170.570007324,171.050003052,163.559997559,163.619995117,162.441055298,78961000
8/29/2022,161.149993896,162.899993896,159.820007324,161.380004883,160.217193604,73314000
8/30/2022,162.130004883,162.559997559,157.720001221,158.910003662,157.764999390,77906200
8/31/2022,160.309997559,160.580001831,157.139999390,157.220001221,156.087188721,87991100
9/1/2022,156.639999390,158.419998169,154.669998169,157.960006714,156.821853638,74229900
9/2/2022,159.750000000,160.360000610,154.970001221,155.809997559,154.687332153,76957800
9/6/2022,156.470001221,157.089996338,153.690002441,154.529998779,153.416549683,73714800
9/7/2022,154.820007324,156.669998169,153.610000610,155.960006714,154.836257935,87449600
9/8/2022,154.639999390,156.360000610,152.679992676,154.460006714,153.347061157,84923800
9/9/2022,155.470001221,157.820007324,154.750000000,157.369995117,156.236083984,68028800
9/12/2022,159.589996338,164.259994507,159.300003052,163.429992676,162.252426147,104956000
9/13/2022,159.899993896,160.539993286,153.369995117,153.839996338,152.731521606,122656600
9/14/2022,154.789993286,157.100006104,153.610000610,155.309997559,154.190917969,87965400
9/15/2022,154.649993896,155.240005493,151.380004883,152.369995117,151.272125244,90481100
9/16/2022,151.210006714,151.350006104,148.369995117,150.699996948,149.614135742,162278800
9/19/2022,149.309997559,154.559997559,149.100006104,154.479995728,153.366897583,81474200
9/20/2022,153.399993896,158.080001831,153.080001831,156.899993896,155.769485474,107689800
9/21/2022,157.339996338,158.740005493,153.600006104,153.720001221,152.612396240,101696800
9/22/2022,152.380004883,154.470001221,150.910003662,152.740005493,151.639450073,86652500
9/23/2022,151.190002441,151.470001221,148.559997559,150.429992676,149.346099854,96029900
9/26/2022,149.660003662,153.770004272,149.639999390,150.770004272,149.683639526,93339400
9/27/2022,152.740005493,154.720001221,149.949996948,151.759994507,150.666503906,84442700
9/28/2022,147.639999390,150.639999390,144.839996338,149.839996338,148.760345459,146691400
9/29/2022,146.100006104,146.720001221,140.679992676,142.479995728,141.453369141,128138200
9/30/2022,141.279998779,143.100006104,138.000000000,138.199996948,137.204223633,124925300
10/3/2022,138.210006714,143.070007324,137.690002441,142.449996948,141.423583984,114311700
10/4/2022,145.029998779,146.220001221,144.259994507,146.100006104,145.047317505,87830100
10/5/2022,144.070007324,147.380004883,143.009994507,146.399993896,145.345108032,79471000
10/6/2022,145.809997559,147.539993286,145.220001221,145.429992676,144.382095337,68402200
10/7/2022,142.539993286,143.100006104,139.449996948,140.089996338,139.080612183,85925600
10/10/2022,140.419998169,141.889999390,138.570007324,140.419998169,139.408233643,74899000
10/11/2022,139.899993896,141.350006104,138.220001221,138.979995728,137.978591919,77033700
10/12/2022,139.130004883,140.360000610,138.160003662,138.339996338,137.343215942,70433700
10/13/2022,134.990005493,143.589996338,134.369995117,142.990005493,141.959716797,113224000
10/14/2022,144.309997559,144.520004272,138.190002441,138.380004883,137.382934570,88598000
10/17/2022,141.070007324,142.899993896,140.270004272,142.410003662,141.383895874,85250900
10/18/2022,145.490005493,146.699996948,140.610000610,143.750000000,142.714233398,99136600
10/19/2022,141.690002441,144.949996948,141.500000000,143.860000610,142.823425293,61758300
10/20/2022,143.020004272,145.889999390,142.649993896,143.389999390,142.356842041,64522000
10/21/2022,142.869995117,147.850006104,142.649993896,147.270004272,146.208877563,86548600
10/24/2022,147.190002441,150.229995728,146.000000000,149.449996948,148.373153687,75981900
10/25/2022,150.089996338,152.490005493,149.360000610,152.339996338,151.242324829,74732300
10/26/2022,150.960006714,151.990005493,148.039993286,149.350006104,148.273880005,88194300
10/27/2022,148.070007324,149.050003052,144.130004883,144.800003052,143.756668091,109180200
10/28/2022,148.199996948,157.500000000,147.820007324,155.740005493,154.617843628,164762400
10/31/2022,153.160003662,154.240005493,151.919998169,153.339996338,152.235107422,97943200
11/1/2022,155.080001831,155.449996948,149.130004883,150.649993896,149.564514160,80379300
11/2/2022,148.949996948,152.169998169,145.000000000,145.029998779,143.985015869,93604600
11/3/2022,142.059997559,142.800003052,138.750000000,138.880004883,137.879333496,97918500
11/4/2022,142.089996338,142.669998169,134.380004883,138.380004883,137.610839844,140814800
11/7/2022,137.110000610,139.149993896,135.669998169,138.919998169,138.147811890,83374600
11/8/2022,140.410003662,141.429992676,137.490005493,139.500000000,138.724594116,89908500
11/9/2022,138.500000000,138.550003052,134.589996338,134.869995117,134.120330811,74917800
11/10/2022,141.240005493,146.869995117,139.500000000,146.869995117,146.053634644,118854000
11/11/2022,145.820007324,150.009994507,144.369995117,149.699996948,148.867889404,93979700
11/14/2022,148.970001221,150.279998779,147.429992676,148.279998779,147.455780029,73374100
11/15/2022,152.220001221,153.589996338,148.559997559,150.039993286,149.206008911,89868300
11/16/2022,149.130004883,149.869995117,147.289993286,148.789993286,147.962966919,64218300
11/17/2022,146.429992676,151.479995728,146.149993896,150.720001221,149.882232666,80389400
11/18/2022,152.309997559,152.699996948,149.970001221,151.289993286,150.449066162,74829600
11/21/2022,150.160003662,150.369995117,147.720001221,148.009994507,147.187301636,58724100
11/22/2022,148.130004883,150.419998169,146.929992676,150.179992676,149.345214844,51804100
11/23/2022,149.449996948,151.830001831,149.339996338,151.070007324,150.230300903,58301400
11/25/2022,148.309997559,148.880004883,147.119995117,148.110000610,147.286743164,35195900
11/28/2022,145.139999390,146.639999390,143.380004883,144.220001221,143.418380737,69246000
11/29/2022,144.289993286,144.809997559,140.350006104,141.169998169,140.385314941,83763800
11/30/2022,141.399993896,148.720001221,140.550003052,148.029998779,147.207183838,111380900
12/1/2022,148.210006714,149.130004883,146.610000610,148.309997559,147.485626221,71250400
12/2/2022,145.960006714,148.000000000,145.649993896,147.809997559,146.988418579,65447400
12/5/2022,147.770004272,150.919998169,145.770004272,146.630004883,145.814971924,68826400
12/6/2022,147.070007324,147.300003052,141.919998169,142.910003662,142.115646362,64727200
12/7/2022,142.190002441,143.369995117,140.000000000,140.940002441,140.156600952,69721100
12/8/2022,142.360000610,143.520004272,141.100006104,142.649993896,141.857086182,62128300
12/9/2022,142.339996338,145.570007324,140.899993896,142.160003662,141.369812012,76097000
12/12/2022,142.699996948,144.500000000,141.059997559,144.490005493,143.686859131,70462700
12/13/2022,149.500000000,149.970001221,144.240005493,145.470001221,144.661422729,93886200
12/14/2022,145.350006104,146.660003662,141.160003662,143.210006714,142.413986206,82291200
12/15/2022,141.110000610,141.800003052,136.029998779,136.500000000,135.741271973,98931900
12/16/2022,136.690002441,137.649993896,133.729995728,134.509994507,133.762329102,160156900
12/19/2022,135.110000610,135.199996948,131.320007324,132.369995117,131.634216309,79592600
12/20/2022,131.389999390,133.250000000,129.889999390,132.300003052,131.564620972,77432800
12/21/2022,132.979995728,136.809997559,132.750000000,135.449996948,134.697128296,85928000
12/22/2022,134.350006104,134.559997559,130.300003052,132.229995728,131.494995117,77852100
12/23/2022,130.919998169,132.419998169,129.639999390,131.860000610,131.127059937,63814900
12/27/2022,131.380004883,131.410003662,128.720001221,130.029998779,129.307250977,69007800
12/28/2022,129.669998169,131.029998779,125.870002747,126.040000916,125.339408875,85438400
12/29/2022,127.989997864,130.479995728,127.730003357,129.610000610,128.889572144,75703700
12/30/2022,128.410003662,129.949996948,127.430000305,129.929992676,129.207778931,77034200
